key,name,ra,dec,ll,bb,sg_xx,sg_yy,sg_zz,pmra,pmra_em,pmra_ep,pmdec,pmdec_em,pmdec_ep,ref_proper_motion,vlos_systemic,vlos_systemic_em,vlos_systemic_ep,vlos_sigma,vlos_sigma_em,vlos_sigma_ep,vlos_sigma_ul,velocity_gsr,velocity_lg,ref_vlos,distance,distance_em,distance_ep,distance_modulus,distance_modulus_em,distance_modulus_ep,distance_gc,distance_m31,distance_lg,distance_host,distance_measurement_method,ref_distance,M_V,M_V_em,M_V_ep,mass_stellar,mass_dynamical_wolf,mass_dynamical_wolf_em,mass_dynamical_wolf_ep,mass_dynamical_wolf_ul,mass_HI,mass_HI_ul,host,confirmed_real,confirmed_galaxy,apparent_magnitude_v,apparent_magnitude_v_em,apparent_magnitude_v_ep,ref_m_v,rhalf,rhalf_em,rhalf_ep,rhalf_physical,rhalf_physical_em,rhalf_physical_ep,rhalf_sph_physical,rhalf_sph_physical_em,rhalf_sph_physical_ep,position_angle,position_angle_em,position_angle_ep,ellipticity,ellipticity_em,ellipticity_ep,ellipticity_ul,surface_brightness_rhalf,rcore,rcore_em,rcore_ep,rking,rking_em,rking_ep,rad_sersic,rad_sersic_em,rad_sersic_ep,n_sersic,n_sersic_em,n_sersic_ep,flux_HI,flux_HI_em,flux_HI_ep,flux_HI_ul,ref_flux_HI,ref_structure,ref_structure_king,ref_structure_sersic,metallicity,metallicity_em,metallicity_ep,metallicity_type,metallicity_spectroscopic,metallicity_spectroscopic_em,metallicity_spectroscopic_ep,metallicity_spectroscopic_sigma,metallicity_spectroscopic_sigma_em,metallicity_spectroscopic_sigma_ep,metallicity_spectroscopic_sigma_ul,ref_metallicity_spectroscopic,metallicity_isochrone,metallicity_isochrone_em,metallicity_isochrone_ep,ref_metallicity_isochrone,metallicity_photometric,metallicity_photometric_em,metallicity_photometric_ep,metallicity_photometric_sigma,metallicity_photometric_sigma_em,metallicity_photometric_sigma_ep,metallicity_photometric_sigma_ul,ref_metallicity_photometric,age,age_em,age_ep,ref_age
antlia_2,Antlia II,143.8079,-36.6991,264.8009334,11.2542678,-74.02,34.73,-93.45,-0.093,0.008,0.008,0.1,0.009,0.009,Pace2022ApJ...940..136P,288.8,0.4,0.4,5.98,0.36,0.37,,49.29,-21.51,Ji2021ApJ...921...32J,124.17,5.04,5.25,20.47,0.09,0.09,125.15,879.41,493.69,125.15,,Vivas2022ApJ...926...78V,-9.73,0.08,0.08,6.13,7.9,0.07,0.07,,,1.99,mw,1,1,10.74,0.08,0.08,Ji2021ApJ...921...32J,104.6,8.6,8.6,3761.92,337.74,352.06,2379.32,247.72,248.01,156.0,2.4,2.4,0.6,0.04,0.04,,30.72,,,,,,,,,,,,,,,,0.027,Putman2021ApJ...913...53P,Ji2021ApJ...921...32J,,,-1.9,0.04,0.04,spectroscopic,-1.9,0.04,0.04,0.34,0.03,0.03,,Ji2021ApJ...921...32J,,,,,,,,,,,,,,,,
aquarius_2,Aquarius II,338.4813,-9.3274,55.1082438,-53.0084997,8.72,-92.52,54.33,-0.179,0.113,0.119,-0.466,0.095,0.096,Pace2022ApJ...940..136P,-65.3,1.8,1.8,4.7,1.2,1.8,,54.14,101.99,Bruce2023ApJ...950..167B,107.65,3.41,3.53,20.16,0.07,0.07,105.13,726.03,344.53,105.13,,Torrealba2016MNRAS.463..712T,-4.36,0.14,0.14,3.98,6.39,0.34,0.26,,,3.26,mw,1,1,15.8,0.14,0.14,Torrealba2016MNRAS.463..712T,5.1,0.8,0.8,158.77,25.14,25.66,123.69,21.67,21.85,121.0,9.0,9.0,0.39,0.09,0.09,,29.67,,,,,,,,,,,,,,,,0.66,Putman2021ApJ...913...53P,Torrealba2016MNRAS.463..712T,,,-2.57,0.17,0.17,spectroscopic,-2.57,0.17,0.17,0.36,0.14,0.2,,Bruce2023ApJ...950..167B,,,,,,,,,,,,,,,,
aquarius_3,Aquarius III,357.218,-3.489,87.9166898,-62.0297168,26.07,-78.41,21.98,1.01,0.25,0.25,-0.1,0.2,0.2,Cerny2025ApJ...979..164C,-13.1,0.9,1.0,,,,3.5,95.36,153.63,Cerny2025ApJ...979..164C,85.51,4.22,4.44,19.66,0.11,0.11,85.75,719.96,334.92,85.75,,Cerny2025ApJ...979..164C,-2.5,0.5,0.3,3.23,,,,5.64,,,mw,1,1,17.16,0.5,0.3,Cerny2025ApJ...979..164C,2.1,0.5,0.7,51.65,14.77,15.2,36.28,12.68,13.78,119.0,11.0,17.0,0.47,0.28,0.14,,28.87,,,,,,,,,,,,,,,,,,Cerny2025ApJ...979..164C,,,-2.51,0.18,0.18,spectroscopic,-2.51,0.18,0.18,0.45,0.12,0.18,,Geha2026arXiv260210202G,,,,,,,,,,,,,,,,
bootes_1,Bootes I,210.02,14.5135,358.1019462,69.6365762,-17.5,60.19,21.83,-0.385,0.017,0.017,-1.068,0.013,0.013,Pace2022ApJ...940..136P,103.0,0.4,0.4,4.0,0.3,0.4,,111.95,72.97,Sandford2026ApJ...998...47S,66.37,2.4,2.49,19.11,0.08,0.08,64.0,812.83,426.48,64.0,,DallOra2006ApJ...653L.109D,-6.02,0.25,0.25,4.64,6.38,0.08,0.08,,,2.41,mw,1,1,13.09,0.25,0.25,Munoz2018ApJ...860...66M,9.97,0.27,0.27,192.24,8.63,8.97,160.86,8.04,8.28,6.0,3.0,3.0,0.3,0.03,0.03,,28.58,11.9,1.0,1.0,37.5,0.9,0.9,11.26,0.27,0.27,0.64,0.03,0.03,,,,0.25,Spekkens2014ApJ...795L...5S,Munoz2018ApJ...860...66M,Munoz2018ApJ...860...66M,Munoz2018ApJ...860...66M,-2.43,0.04,0.04,spectroscopic,-2.43,0.04,0.04,0.28,0.03,0.03,,Sandford2026ApJ...998...47S,,,,,,,,,,,,,,,,
bootes_2,Bootes II,209.5141,12.8553,353.731375,68.864902,-12.1,37.67,13.14,-2.426,0.077,0.08,-0.414,0.061,0.061,Pace2022ApJ...940..136P,-128.4,0.7,0.7,1.92,0.6,0.77,,-126.19,-167.27,Geha2026ApJ...999..140G,41.69,1.14,1.17,18.1,0.06,0.06,39.51,799.81,412.38,39.51,,Walsh2008ApJ...688..245W,-2.94,0.25,0.25,3.41,5.04,0.38,0.28,,,1.57,mw,1,1,15.16,0.25,0.25,Munoz2018ApJ...860...66M,3.17,0.42,0.42,38.25,5.12,5.22,33.0,5.03,5.02,-68.0,27.0,27.0,0.25,0.11,0.11,,28.22,2.5,1.47,1.47,12.9,8.1,8.1,3.05,0.45,0.45,0.71,0.43,0.43,,,,0.091,Spekkens2014ApJ...795L...5S,Munoz2018ApJ...860...66M,Munoz2018ApJ...860...66M,Munoz2018ApJ...860...66M,-2.51,0.12,0.12,spectroscopic,-2.51,0.12,0.12,0.38,0.09,0.12,,Geha2026arXiv260210202G,,,,,,,,,,,,,,,,
bootes_3,Bootes III,209.3,26.8,35.405238,75.3534754,-2.44,43.5,16.41,-1.176,0.019,0.019,-0.89,0.015,0.015,Pace2022ApJ...940..136P,189.9,1.8,1.8,5.27,1.67,2.1,,236.06,211.29,Geha2026ApJ...999..140G,46.56,0.43,0.43,18.34,0.02,0.02,45.58,793.22,406.23,45.58,,Carlin2018ApJ...865....7C,-5.74,0.5,0.5,4.53,7.06,0.38,0.27,,,2.03,mw,1,1,12.6,0.5,0.5,Correnti2009MNRAS.397L..26C,40.6,3.8,4.2,548.05,53.54,54.62,447.9,52.43,52.45,279.0,9.0,7.0,0.33,0.09,0.08,,31.09,,,,,,,,,,,,,,,,0.21,Putman2021ApJ...913...53P,Moskowitz2020ApJ...892...27M,,,-2.51,0.09,0.09,spectroscopic,-2.51,0.09,0.09,,,,0.31,Geha2026arXiv260210202G,,,,,,,,,,,,,,,,
bootes_4,Bootes IV,233.689,43.726,70.6822501,53.3050038,49.41,153.89,132.4,0.469,0.244,0.18,0.489,0.255,0.256,Pace2022ApJ...940..136P,,,,,,,,,,,208.93,18.38,20.16,21.6,0.2,0.2,207.48,791.95,429.84,207.48,,Homma2019PASJ...71...94H,-5.34,0.17,0.29,4.37,,,,,,,mw,1,0,16.26,0.17,0.29,Homma2024PASJ...76..733H,7.6,0.8,0.8,458.32,61.88,66.99,274.07,41.52,44.98,3.0,4.0,4.0,0.64,0.05,0.05,,30.42,,,,,,,,,,,,,,,,,,Homma2019PASJ...71...94H,,,,,,,,,,,,,,,,,,,,,,,,,,,,,,
bootes_5,Bootes V,213.909,32.914,55.6679502,70.9176811,4.81,92.05,43.35,-0.22,0.05,0.05,-0.28,0.07,0.07,Cerny2023ApJ...953....1C,5.1,13.4,13.4,,,,,81.14,66.21,Smith2023AJ....166...76S,101.86,6.8,7.28,20.04,0.15,0.15,100.68,804.96,422.5,100.68,,Cerny2023ApJ...953....1C,-3.2,0.3,0.3,3.51,,,,,,,mw,1,0,16.84,0.3,0.3,Cerny2023ApJ...953....1C,0.76,0.07,0.08,22.37,2.6,2.82,19.93,2.63,2.74,18.0,13.0,15.0,0.2,0.1,0.1,,26.87,,,,,,,,,,,,,,,,,,Cerny2023ApJ...953....1C,,,-2.85,0.1,0.1,spectroscopic,-2.85,0.1,0.1,,,,,Smith2023AJ....166...76S,-2.2,,,Cerny2023ApJ...953....1C,,,,,,,,,,,,
canes_venatici_1,Canes Venatici I,202.0091,33.5521,74.3042831,79.8287591,16.87,202.63,55.84,-0.096,0.031,0.03,-0.116,0.02,0.02,Pace2022ApJ...940..136P,30.5,0.6,0.6,7.66,0.41,0.44,,80.53,61.53,Geha2026ApJ...999..140G,210.86,5.75,5.91,21.62,0.06,0.06,210.63,853.68,485.75,210.63,,Kuehn2008ApJ...674L..81K,-8.73,0.06,0.06,5.73,7.25,0.05,0.05,,,3.04,mw,1,1,12.89,0.06,0.06,Munoz2018ApJ...860...66M,7.12,0.21,0.21,436.17,17.35,17.85,326.44,15.7,15.89,80.0,2.0,2.0,0.44,0.03,0.03,,27.41,6.7,0.5,0.5,30.9,1.0,1.0,7.67,0.23,0.23,0.78,0.04,0.04,,,,0.104,Spekkens2014ApJ...795L...5S,Munoz2018ApJ...860...66M,Munoz2018ApJ...860...66M,Munoz2018ApJ...860...66M,-2.34,0.02,0.02,spectroscopic,-2.34,0.02,0.02,0.19,0.02,0.02,,Geha2026arXiv260210202G,,,,,,,,,,,,,,,,
canes_venatici_2,Canes Venatici II,194.2927,34.3226,113.5743762,82.7012046,18.59,156.79,25.61,-0.124,0.115,0.117,-0.254,0.08,0.082,Pace2022ApJ...940..136P,-131.8,1.2,1.2,5.28,0.96,1.25,,-96.14,-116.17,Geha2026ApJ...999..140G,159.96,4.36,4.48,21.02,0.06,0.06,160.57,830.45,454.92,160.57,,Greco2008ApJ...675L..73G,-5.17,0.32,0.32,4.3,6.13,0.22,0.19,,,3.38,mw,1,1,15.85,0.32,0.32,Munoz2018ApJ...860...66M,1.52,0.24,0.24,70.33,11.12,11.31,54.04,10.34,10.65,9.0,15.0,15.0,0.4,0.13,0.13,,27.06,0.89,0.65,0.65,5.37,4.0,4.0,1.51,0.23,0.23,0.59,0.49,0.49,,,,0.4,Putman2021ApJ...913...53P,Munoz2018ApJ...860...66M,Munoz2018ApJ...860...66M,Munoz2018ApJ...860...66M,-2.85,0.08,0.08,spectroscopic,-2.85,0.08,0.08,0.3,0.05,0.07,,Geha2026arXiv260210202G,,,,,-2.98,0.12,0.12,0.55,0.1,0.12,,Fu2023ApJ...958..167F,,,,
carina_1,Carina,100.4065,-50.9593,260.1059875,-22.2194162,-52.86,-30.63,-86.12,0.532,0.006,0.007,0.127,0.006,0.006,Pace2022ApJ...940..136P,222.9,0.1,0.1,6.6,1.2,1.2,,-6.07,-53.23,Walker2009AJ....137.3100W,105.58,5.26,5.54,20.118,0.111,0.111,107.18,835.05,451.18,107.18,,Karczmarek2015AJ....150...90K,-9.43,0.05,0.05,6.01,7.0,0.18,0.15,,,3.04,mw,1,1,10.688,0.05,0.05,Munoz2018ApJ...860...66M,10.1,0.1,0.1,310.03,15.97,16.1,248.12,13.08,13.34,60.0,1.0,1.0,0.36,0.01,0.01,,26.11,7.97,1.6,1.6,58.4,0.98,0.98,11.43,0.12,0.12,0.94,0.01,0.01,,,,0.42,Putman2021ApJ...913...53P,Munoz2018ApJ...860...66M,Munoz2018ApJ...860...66M,Munoz2018ApJ...860...66M,-1.8,0.02,0.02,spectroscopic,-1.8,0.02,0.02,0.24,,,,Simon2019ARA&A..57..375S,,,,,,,,,,,,,,,,
carina_2,Carina II,114.1066,-57.9991,269.981634,-17.1398174,-24.19,-8.06,-27.35,1.885,0.019,0.018,0.133,0.019,0.019,Pace2022ApJ...940..136P,477.2,1.2,1.2,3.4,0.8,1.2,,240.21,182.88,Li2018ApJ...857..145L,37.39,0.39,0.4,17.864,0.023,0.023,38.27,801.12,413.45,18.65,,Torrealba2018MNRAS.475.5085T,-4.57,0.1,0.1,4.06,5.91,0.3,0.23,,,2.38,lmc,1,1,13.29,0.1,0.1,Torrealba2018MNRAS.475.5085T,8.69,0.75,0.75,94.26,8.09,8.26,76.52,7.72,7.69,170.0,9.0,9.0,0.34,0.07,0.07,,28.42,,,,,,,,,,,,,,,,0.72,Putman2021ApJ...913...53P,Torrealba2018MNRAS.475.5085T,,,-2.44,0.09,0.09,spectroscopic,-2.44,0.09,0.09,0.22,0.07,0.1,,Li2018ApJ...857..145L,,,,,,,,,,,,,,,,
carina_3,Carina III,114.6298,-57.8997,270.0059987,-16.845838,-18.02,-5.85,-20.34,3.095,0.041,0.04,1.395,0.045,0.045,Pace2022ApJ...940..136P,284.6,3.1,3.4,5.6,2.1,4.3,,47.29,-10.3,Li2018ApJ...857..145L,27.8,1.25,1.31,17.22,0.1,0.1,28.96,794.73,406.85,25.04,,Torrealba2018MNRAS.475.5085T,-2.4,0.2,0.2,3.19,5.72,0.72,0.44,,,2.0,lmc,1,1,14.82,0.2,0.2,Torrealba2018MNRAS.475.5085T,3.75,1.0,1.0,30.02,8.01,8.2,19.51,6.56,7.14,150.0,14.0,14.0,0.55,0.18,0.18,,27.62,,,,,,,,,,,,,,,,0.547,Putman2021ApJ...913...53P,Torrealba2018MNRAS.475.5085T,,,,,,,,,,,,,,,,,,,,,,,,,,,,,,
carina_4,Carina IV,104.046,-63.319,273.6161659,-23.5254069,-69.35,-34.23,-70.59,0.94,0.53,0.54,0.23,0.4,0.41,Tan2026ApJ..1000...46T,,,,,,,,,,,104.71,9.21,4.93,20.1,0.2,0.1,104.56,844.12,459.45,104.56,cmd,Tan2026ApJ..1000...46T,-2.8,0.6,0.4,3.35,,,,,,,mw,1,1,17.3,0.6,0.4,Tan2026ApJ..1000...46T,1.34,0.38,0.56,40.22,14.05,14.74,33.33,12.34,13.5,117.0,68.0,63.0,0.21,0.21,0.27,,28.38,,,,,,,,,,,,,,,,,,Tan2026ApJ..1000...46T,,,-2.0,0.2,0.2,photometric,,,,,,,,,-2.07,,,Tan2026ApJ..1000...46T,-2.0,0.2,0.2,,,,,Tan2026ApJ..1000...46T,12.5,,,Tan2026ApJ..1000...46T
centaurus_1,Centaurus I,189.5908,-40.9043,300.2697883,21.8998551,-104.38,47.17,-27.09,-0.14,0.05,0.05,-0.19,0.04,0.04,Heiger2024ApJ...961..234H,44.8,0.8,0.8,4.2,0.5,0.6,,-143.07,-223.4,Heiger2024ApJ...961..234H,117.71,3.73,3.86,20.354,0.07,0.07,114.13,893.94,505.8,114.13,,MartinezVazquez2021AJ....162..253M,-5.35,0.19,0.19,4.37,6.06,0.13,0.12,,,,mw,1,1,15.0,0.19,0.19,Casey2025ApJ...984..148C,2.6,0.3,0.3,88.6,10.46,10.8,70.97,8.88,8.88,10.0,4.0,4.0,0.36,0.05,0.05,,27.47,,,,,,,,,,,,,,,,,,Casey2025ApJ...984..148C,,,-2.57,0.08,0.08,spectroscopic,-2.57,0.08,0.08,0.38,0.05,0.07,,Heiger2024ApJ...961..234H,,,,,,,,,,,,,,,,
cetus_2,Cetus II,19.47,-17.42,156.4654633,-78.5313393,5.62,-28.93,-5.16,2.844,0.059,0.061,0.474,0.063,0.064,Pace2022ApJ...940..136P,,,,,,,,,,,29.92,2.51,2.74,17.38,0.19,0.19,32.4,761.38,373.69,32.4,,DrlicaWagner2015ApJ...813..109D,0.0,0.68,0.68,2.23,,,,,,2.1,mw,1,0,17.38,0.68,0.68,DrlicaWagner2015ApJ...813..109D,1.9,0.5,1.0,16.26,6.37,6.78,16.26,6.37,6.78,,,,,,,0.4,29.63,,,,,,,,,,,,,,,,0.6,Putman2021ApJ...913...53P,DrlicaWagner2015ApJ...813..109D,,,,,,,,,,,,,,,,,,,,,,,,,,,,,,
columba_1,Columba I,82.85696,-28.04253,231.6332922,-28.8854684,-11.9,-70.2,-168.37,0.169,0.073,0.071,-0.4,0.079,0.079,Pace2022ApJ...940..136P,148.8,2.3,2.3,5.96,1.81,2.78,,-30.58,-47.7,Geha2026ApJ...999..140G,182.81,9.03,9.5,21.31,0.11,0.11,187.35,816.3,446.34,187.35,,Carlin2017AJ....154..267C,-4.2,0.2,0.2,3.91,6.5,0.43,0.29,,,3.72,mw,1,1,17.11,0.2,0.2,Carlin2017AJ....154..267C,2.2,0.2,0.2,116.48,11.9,12.29,97.34,12.31,12.32,24.0,9.0,9.0,0.3,0.1,0.1,,29.31,2.1,0.6,0.6,8.9,2.5,2.5,,,,,,,,,,0.66,Putman2021ApJ...913...53P,Carlin2017AJ....154..267C,Carlin2017AJ....154..267C,,-2.37,0.34,0.35,spectroscopic,-2.37,0.34,0.35,0.71,0.24,0.49,,Fritz2019A&A...623A.129F,,,,,,,,,,,,,,,,
coma_berenices_1,Coma Berenices,186.7454,23.9069,241.8639281,83.6122845,-1.18,42.25,0.1,0.423,0.027,0.026,-1.721,0.024,0.024,Pace2022ApJ...940..136P,93.5,0.6,0.6,3.33,0.46,0.58,,76.46,41.57,Geha2026ApJ...999..140G,42.27,1.53,1.59,18.13,0.08,0.08,43.46,794.85,407.59,43.46,,Musella2009ApJ...695L..83M,-4.29,0.25,0.25,3.95,5.75,0.15,0.13,,,1.77,mw,1,1,13.84,0.25,0.25,Munoz2018ApJ...860...66M,5.64,0.3,0.3,69.14,4.35,4.61,54.94,4.19,4.12,-57.0,4.0,4.0,0.37,0.05,0.05,,27.98,4.25,0.73,0.73,26.1,3.9,3.9,5.63,0.3,0.3,0.93,0.12,0.12,,,,0.14,Spekkens2014ApJ...795L...5S,Munoz2018ApJ...860...66M,Munoz2018ApJ...860...66M,Munoz2018ApJ...860...66M,-2.44,0.07,0.07,spectroscopic,-2.44,0.07,0.07,0.26,0.06,0.07,,Geha2026arXiv260210202G,,,,,,,,,,,,,,,,
crater_2,Crater II,177.31,-18.413,282.9084214,42.0276406,-71.4,82.96,-40.11,-0.072,0.02,0.02,-0.112,0.013,0.013,Pace2022ApJ...940..136P,89.3,0.3,0.3,2.34,0.3,0.42,,-81.18,-156.12,Ji2021ApJ...921...32J,116.57,3.59,3.71,20.333,0.068,0.068,115.5,882.85,495.83,115.5,,Vivas2020MNRAS.492.1061V,-8.18,0.1,0.1,5.51,6.73,0.15,0.13,,,3.46,mw,1,1,12.15,0.1,0.1,Torrealba2016MNRAS.459.2370T,31.2,2.5,2.5,1054.19,88.77,92.14,1054.19,88.77,92.14,,,,,,,0.1,30.5,,,,,,,,,,,,,,,,0.91,Putman2021ApJ...913...53P,Torrealba2016MNRAS.459.2370T,,,-2.16,0.04,0.04,spectroscopic,-2.16,0.04,0.04,0.24,0.05,0.05,,Ji2021ApJ...921...32J,,,,,,,,,,,,,,,,
draco_1,Draco,260.0684,57.9185,86.3710883,34.7126412,42.19,40.42,56.89,0.044,0.006,0.005,-0.188,0.006,0.006,Pace2022ApJ...940..136P,-292.2,0.3,0.3,9.55,0.25,0.26,,-85.62,-47.36,Geha2026ApJ...999..140G,81.55,1.49,1.52,19.557,0.04,0.04,81.53,745.83,361.66,81.53,,Bhardwaj2024AJ....167..247B,-8.87,0.05,0.05,5.78,7.21,0.03,0.03,,,2.19,mw,1,1,10.69,0.05,0.05,Munoz2018ApJ...860...66M,9.67,0.09,0.09,229.24,4.61,4.78,193.22,4.19,4.26,87.0,1.0,1.0,0.29,0.01,0.01,,26.13,6.62,0.15,0.15,48.1,1.3,1.3,9.93,0.09,0.09,0.96,0.02,0.02,,,,0.098,Spekkens2014ApJ...795L...5S,Munoz2018ApJ...860...66M,Munoz2018ApJ...860...66M,Munoz2018ApJ...860...66M,-2.2,0.01,0.01,spectroscopic,-2.2,0.01,0.01,0.24,0.01,0.01,,Geha2026arXiv260210202G,,,,,,,,,,,,,,,,
draco_2,Draco II,238.1983333,64.56527778,98.2942351,42.8799852,12.27,13.5,11.52,1.043,0.029,0.029,0.879,0.028,0.028,Warfield2026ApJ...998....3W,-342.4,0.7,0.7,,,,2.6,-160.38,-127.39,Cerny2026arXiv260217652C,21.58,0.49,0.5,16.67,0.05,0.05,23.85,768.36,380.48,23.85,,Longeard2018MNRAS.480.2609L,-0.8,1.0,0.4,2.55,,,,5.02,,,mw,1,1,15.87,1.0,0.4,Longeard2018MNRAS.480.2609L,3.0,0.5,0.7,18.7,3.72,3.81,16.1,3.52,3.61,76.0,32.0,22.0,0.23,0.15,0.15,,28.8,,,,,,,,,,,,,,,,,,Longeard2018MNRAS.480.2609L,,,-2.94,0.39,0.32,spectroscopic,-2.94,0.39,0.32,0.57,0.27,0.27,,Cerny2026arXiv260217652C,,,,,-2.72,0.11,0.1,0.4,0.12,0.12,,Fu2023ApJ...958..167F,,,,
eridanus_2,Eridanus II,56.0925,-43.5329,249.7801696,-51.6431334,-87.49,-264.89,-242.8,0.125,0.1,0.101,0.013,0.127,0.123,Pace2022ApJ...940..136P,75.6,1.3,1.3,6.9,0.9,1.2,,-76.28,-86.89,Li2017ApJ...838....8L,369.83,8.42,8.61,22.84,0.05,0.05,371.65,883.46,554.96,371.65,,MartinezVazquez2021MNRAS.508.1064M,-7.12,0.3,0.3,5.08,6.9,0.15,0.13,,,3.46,mw,1,1,15.72,0.3,0.3,Crnojevic2016ApJ...824L..14C,2.31,0.12,0.12,247.97,13.85,14.26,178.95,12.38,12.0,72.6,3.3,3.3,0.48,0.04,0.04,,27.71,,,,,,,1.81,0.17,0.17,0.77,0.19,0.19,,,,0.089,Crnojevic2016ApJ...824L..14C,Crnojevic2016ApJ...824L..14C,,Munoz2018ApJ...860...66M,-2.38,0.13,0.13,spectroscopic,-2.38,0.13,0.13,0.47,0.09,0.12,,Li2017ApJ...838....8L,,,,,-2.63,0.06,0.06,0.26,0.09,0.08,,Fu2023ApJ...958..167F,,,,
eridanus_4,Eridanus IV,76.4246,-9.5189,209.4961377,-27.7851445,18.96,-25.88,-62.02,0.25,0.06,0.06,-0.1,0.05,0.05,Cerny2021ApJ...920L..44C,-31.5,1.2,1.3,6.1,0.9,1.2,,-152.04,-145.65,Heiger2024ApJ...961..234H,69.82,3.45,3.63,19.22,0.11,0.11,76.25,765.66,380.66,76.25,,Cerny2021ApJ...920L..44C,-3.55,0.24,0.24,3.65,6.28,0.18,0.16,,,,mw,1,1,15.67,0.24,0.24,Casey2025ApJ...984..148C,3.24,0.48,0.48,65.33,9.99,10.5,56.18,9.3,9.46,75.0,26.0,26.0,0.26,0.09,0.09,,28.77,,,,,,,,,,,,,,,,,,Casey2025ApJ...984..148C,,,-2.87,0.07,0.08,spectroscopic,-2.87,0.07,0.08,0.2,0.09,0.09,,Heiger2024ApJ...961..234H,,,,,,,,,,,,,,,,
fornax_1,Fornax,39.9583,-34.4997,237.2381877,-65.6740793,-10.06,-122.75,-71.8,0.381,0.001,0.001,-0.359,0.002,0.002,Pace2022ApJ...940..136P,55.2,0.1,0.1,12.1,0.2,0.2,,-39.84,-30.08,Walker2009AJ....137.3100W,142.56,3.12,3.19,20.77,0.048,0.048,144.59,765.49,390.5,144.59,,Oakes2022ApJ...929..116O,-13.39,0.2,0.2,7.59,7.98,0.02,0.02,,,3.56,mw,1,1,7.377,0.2,0.2,Munoz2018ApJ...860...66M,19.9,0.06,0.06,825.16,18.28,18.28,695.33,15.62,15.82,42.7,0.3,0.3,0.29,0.002,0.002,,24.39,17.6,0.2,0.2,69.1,0.4,0.4,,,,,,,,,,0.75,Putman2021ApJ...913...53P,Wang2019ApJ...881..118W,Munoz2018ApJ...860...66M,,-1.07,0.01,0.02,spectroscopic,-1.07,0.01,0.02,0.27,0.01,0.01,,Simon2019ARA&A..57..375S,,,,,,,,,,,,,,,,
grus_1,Grus I,344.166,-50.168,338.679426,-58.2366099,-62.03,-109.54,12.21,0.069,0.05,0.051,-0.248,0.072,0.071,Pace2022ApJ...940..136P,-143.5,1.2,1.2,2.5,0.8,1.3,,-190.8,-193.1,Chiti2022ApJ...939...41C,126.47,5.69,5.96,20.51,0.1,0.1,122.7,795.87,417.19,122.7,,MartinezVazquez2019MNRAS.490.2183M,-4.13,0.3,0.3,3.89,5.81,0.47,0.32,,,3.39,mw,1,1,16.38,0.3,0.3,Cantu2021ApJ...916...81C,4.16,0.74,0.54,152.01,23.98,24.86,113.42,20.21,20.57,153.0,7.0,8.0,0.44,0.1,0.08,,29.71,,,,,,,2.08,0.87,0.87,1.33,0.31,0.31,,,,0.65,Putman2021ApJ...913...53P,Cantu2021ApJ...916...81C,,Munoz2018ApJ...860...66M,-2.62,0.11,0.11,spectroscopic,-2.62,0.11,0.11,,,,0.44,Chiti2022ApJ...939...41C,,,,,-2.62,0.15,0.14,0.61,0.11,0.12,,Fu2023ApJ...958..167F,,,,
grus_2,Grus II,331.025,-46.442,351.1385821,-51.9414253,-28.29,-45.29,14.02,0.384,0.033,0.033,-1.484,0.04,0.039,Pace2022ApJ...940..136P,-110.0,0.5,0.5,,,,2.0,-131.59,-132.59,Simon2020ApJ...892..137S,55.21,2.48,2.6,18.71,0.1,0.1,50.67,782.56,396.31,50.67,,MartinezVazquez2019MNRAS.490.2183M,-3.5,0.3,0.3,3.63,,,,5.55,,2.63,mw,1,1,15.21,0.3,0.3,Simon2020ApJ...892..137S,5.9,0.5,0.5,94.36,8.91,9.24,94.36,8.91,9.24,,,,,,,0.21,29.94,,,,,,,,,,,,,,,,0.6,Putman2021ApJ...913...53P,Simon2020ApJ...892..137S,,,-2.51,0.11,0.11,spectroscopic,-2.51,0.11,0.11,,,,0.45,Simon2020ApJ...892..137S,,,,,,,,,,,,,,,,
hercules_1,Hercules,247.7722,12.7852,28.7276681,36.8562771,-33.41,66.97,107.05,-0.035,0.042,0.042,-0.339,0.036,0.035,Pace2022ApJ...940..136P,45.3,0.6,0.6,2.25,0.61,0.67,,153.47,141.57,Geha2026ApJ...999..140G,130.62,5.88,6.16,20.58,0.1,0.1,125.05,819.02,439.62,125.05,,MutluPakdil2020ApJ...902..106M,-5.81,0.17,0.17,4.56,5.74,0.29,0.23,,,3.17,mw,1,1,14.773,0.17,0.17,Munoz2018ApJ...860...66M,5.63,0.46,0.46,213.09,19.66,20.22,118.55,12.35,12.47,-73.0,2.0,2.0,0.69,0.03,0.03,,28.13,3.29,0.54,0.54,39.9,4.7,4.7,5.99,0.58,0.58,1.19,0.17,0.17,,,,0.37,Putman2021ApJ...913...53P,Munoz2018ApJ...860...66M,Munoz2018ApJ...860...66M,Munoz2018ApJ...860...66M,-2.64,0.05,0.05,spectroscopic,-2.64,0.05,0.05,0.27,0.04,0.04,,Geha2026arXiv260210202G,,,,,,,,,,,,,,,,
horologium_1,Horologium I,43.8755,-54.1174,271.3897126,-54.7368751,-31.87,-60.83,-39.92,0.847,0.035,0.034,-0.607,0.035,0.035,Pace2022ApJ...940..136P,112.8,2.6,2.5,4.9,0.9,2.8,,-35.12,-51.12,Koposov2015ApJ...811...62K,79.43,3.58,3.74,19.5,0.1,0.1,79.73,793.29,408.84,38.16,,Koposov2015ApJ...805..130K,-3.38,0.09,0.06,3.59,5.85,0.41,0.29,,,2.88,lmc,1,1,16.12,0.09,0.06,Richstein2024ApJ...967...72R,1.61,0.13,0.13,37.06,3.39,3.49,31.67,3.09,3.15,44.0,6.0,6.0,0.27,0.05,0.05,,27.69,,,,,,,1.54,0.34,0.34,0.98,0.47,0.47,,,,0.51,Putman2021ApJ...913...53P,Richstein2024ApJ...967...72R,,Munoz2018ApJ...860...66M,-2.76,0.1,0.1,spectroscopic,-2.76,0.1,0.1,0.17,0.03,0.2,,Koposov2015ApJ...811...62K,,,,,-2.79,0.13,0.12,0.56,0.09,0.11,,Fu2023ApJ...958..167F,,,,
horologium_2,Horologium II,49.131,-50.009,262.4593288,-54.1430398,-26.26,-58.71,-44.11,0.967,0.171,0.173,-0.771,0.23,0.22,Pace2022ApJ...940..136P,,,,,,,,,,,77.98,6.86,7.52,19.46,0.2,0.2,79.02,789.95,405.45,79.02,,Kim2015ApJ...808L..39K,-2.07,0.1,0.1,3.06,,,,,,2.89,mw,1,0,17.39,0.1,0.1,Richstein2024ApJ...967...72R,1.69,0.17,0.18,38.04,5.07,5.52,33.33,4.75,5.17,103.0,14.0,11.0,0.23,0.08,0.07,,29.12,,,,,,,2.83,1.31,1.31,1.09,0.37,0.37,,,,0.54,Putman2021ApJ...913...53P,Richstein2024ApJ...967...72R,,Munoz2018ApJ...860...66M,,,,,,,,,,,,,,,,,,,,,,,,,,,,
hydra_2,Hydra II,185.4286,-31.9728,295.6184145,30.4764987,-121.16,81.62,-39.6,-0.394,0.14,0.14,0.0,0.104,0.103,Pace2022ApJ...940..136P,304.4,1.1,1.1,,,,4.11,122.29,42.44,Geha2026ApJ...999..140G,151.36,7.48,7.86,20.9,0.11,0.11,148.52,925.6,537.73,148.52,,Vivas2016AJ....151..118V,-5.1,0.22,0.11,4.27,,,,5.96,,3.51,mw,1,1,15.8,0.22,0.11,Richstein2024ApJ...967...72R,1.52,0.28,0.28,66.38,12.44,12.98,56.73,12.11,12.3,16.0,25.0,25.0,0.24,0.16,0.16,,27.24,,,,,,,1.5,0.32,0.32,1.2,0.46,0.46,,,,0.6,Putman2021ApJ...913...53P,Munoz2018ApJ...860...66M,,Munoz2018ApJ...860...66M,-2.41,0.17,0.17,spectroscopic,-2.41,0.17,0.17,,,,,Geha2026arXiv260210202G,,,,,-3.05,0.13,0.12,0.47,0.12,0.13,,Fu2023ApJ...958..167F,,,,
hydrus_1,Hydrus I,37.389,-79.3089,297.4162738,-36.7462917,-20.74,-15.55,-9.3,3.781,0.016,0.016,-1.496,0.015,0.015,Pace2022ApJ...940..136P,80.4,0.6,0.6,2.7,0.43,0.51,,-94.19,-136.41,Koposov2018MNRAS.479.5343K,27.54,0.5,0.51,17.2,0.04,0.04,25.68,791.01,403.2,23.95,,Koposov2018MNRAS.479.5343K,-4.71,0.08,0.08,4.12,5.55,0.17,0.15,,,2.08,lmc,1,1,12.49,0.08,0.08,Koposov2018MNRAS.479.5343K,7.42,0.54,0.62,59.28,4.69,4.79,52.42,5.55,5.34,97.0,14.0,14.0,0.21,0.07,0.15,,27.46,,,,,,,,,,,,,,,,0.68,Putman2021ApJ...913...53P,Koposov2018MNRAS.479.5343K,,,-2.52,0.09,0.09,spectroscopic,-2.52,0.09,0.09,0.41,0.08,0.08,,Koposov2018MNRAS.479.5343K,,,,,,,,,,,,,,,,
leo_1,Leo I,152.1146,12.3059,225.9846998,49.1099891,4.09,212.63,-146.47,-0.111,0.004,0.004,-0.063,0.005,0.005,Bennet2024ApJ...971...98B,285.9,0.4,0.4,9.29,0.26,0.26,,170.29,128.54,Geha2026ApJ...999..140G,258.23,9.34,9.69,22.06,0.08,0.08,262.02,918.19,551.56,262.02,,Stetson2014PASP..126..616S,-11.82,0.28,0.28,6.96,7.26,0.04,0.04,,,3.56,mw,1,1,10.24,0.28,0.28,Munoz2018ApJ...860...66M,3.65,0.03,0.03,274.02,10.18,10.35,229.1,18.94,18.36,78.0,1.0,1.0,0.3,0.1,0.1,,23.55,3.6,0.1,0.1,13.5,0.3,0.3,3.3,0.03,0.03,0.77,0.02,0.02,,,,0.23,Spekkens2014ApJ...795L...5S,Munoz2018ApJ...860...66M,Munoz2018ApJ...860...66M,Munoz2018ApJ...860...66M,-1.58,0.01,0.01,spectroscopic,-1.58,0.01,0.01,0.27,0.01,0.01,,Geha2026arXiv260210202G,,,,,,,,,,,,,,,,
leo_2,Leo II,168.3627,22.1529,220.1608308,67.2251707,10.15,200.3,-58.55,-0.13,0.009,0.009,-0.143,0.009,0.009,Bennet2024ApJ...971...98B,78.8,0.5,0.5,7.53,0.36,0.39,,20.84,-15.24,Geha2026ApJ...999..140G,208.93,5.69,5.85,21.6,0.06,0.06,211.47,880.02,508.31,211.47,rrl,Monelli2025A&A...700A.201M,-9.48,0.04,0.04,6.03,6.89,0.05,0.04,,,3.19,mw,1,1,12.12,0.04,0.04,Munoz2018ApJ...860...66M,2.52,0.03,0.03,153.0,4.48,4.68,147.66,4.53,4.59,38.0,8.0,8.0,0.07,0.01,0.01,,24.94,2.25,0.1,0.1,9.82,0.41,0.41,2.48,0.03,0.03,0.71,0.02,0.02,,,,0.15,Spekkens2014ApJ...795L...5S,Munoz2018ApJ...860...66M,Munoz2018ApJ...860...66M,Munoz2018ApJ...860...66M,-1.97,0.02,0.02,spectroscopic,-1.97,0.02,0.02,0.32,0.02,0.02,,Geha2026arXiv260210202G,,,,,,,,,,,,,,,,
leo_4,Leo IV,173.2405,-0.5453,265.4576584,56.5059706,-51.52,132.69,-51.45,-0.1921,0.0514,0.0514,-0.0686,0.0523,0.0523,Julio2024A&A...687A.212J,129.8,0.9,0.9,3.29,0.66,0.89,,0.62,-61.04,Geha2026ApJ...999..140G,151.36,4.12,4.24,20.9,0.06,0.06,151.93,891.87,508.44,151.93,,Medina2018ApJ...855...43M,-4.95,0.26,0.26,4.21,6.0,0.24,0.19,,,3.37,mw,1,1,15.95,0.26,0.26,Munoz2018ApJ...860...66M,2.54,0.27,0.27,111.37,12.03,12.4,101.11,12.22,12.08,-28.0,38.0,38.0,0.17,0.09,0.09,,28.64,2.14,0.82,0.82,11.9,3.1,3.1,2.61,0.31,0.31,0.86,0.26,0.26,,,,0.43,Putman2021ApJ...913...53P,Munoz2018ApJ...860...66M,Munoz2018ApJ...860...66M,Munoz2018ApJ...860...66M,-2.56,0.08,0.08,spectroscopic,-2.56,0.08,0.08,0.28,0.06,0.07,,Geha2026arXiv260210202G,,,,,,,,,,,,,,,,
leo_5,Leo V,172.7857,2.2194,261.8564385,58.5344323,-49.96,151.32,-56.42,0.1186,0.1943,0.1943,-0.1183,0.1704,0.1704,Julio2024A&A...687A.212J,170.8,1.5,1.5,3.37,1.04,1.72,,49.58,-9.45,Geha2026ApJ...999..140G,169.04,4.61,4.74,21.14,0.06,0.06,169.84,901.12,519.26,169.84,,Medina2018ApJ...855...43M,-4.4,0.36,0.36,3.99,5.53,0.5,0.36,,,2.56,mw,1,1,16.74,0.36,0.36,Munoz2018ApJ...860...66M,1.0,0.32,0.32,48.66,15.39,15.89,35.23,13.08,14.27,-71.0,26.0,26.0,0.43,0.22,0.22,,26.91,0.44,0.19,0.19,9.27,5.85,5.85,1.0,0.22,0.22,1.7,0.36,0.36,,,,0.054,Spekkens2014ApJ...795L...5S,Munoz2018ApJ...860...66M,Munoz2018ApJ...860...66M,Munoz2018ApJ...860...66M,-2.29,0.17,0.14,spectroscopic,-2.29,0.17,0.14,0.3,0.09,0.14,,Jenkins2021ApJ...920...92J,,,,,,,,,,,,,,,,
leo_6,Leo VI,171.077,24.874,214.5987324,70.3177988,8.28,108.06,-24.77,-0.06,0.2,0.18,-0.22,0.17,0.22,Tan2025ApJ...979..176T,170.03,1.41,1.75,2.85,1.31,1.57,,126.81,93.65,Tan2025ApJ...979..176T,111.17,5.98,3.64,20.23,0.12,0.07,113.69,823.35,440.99,113.69,,Tan2025ApJ...979..176T,-3.56,0.37,0.47,3.66,5.76,0.63,0.43,,,,mw,1,1,16.67,0.37,0.47,Tan2025ApJ...979..176T,4.17,1.33,1.14,133.45,39.52,40.28,86.86,34.22,37.19,63.0,20.0,13.0,0.54,0.29,0.19,,29.7,,,,,,,,,,,,,,,,,,Tan2025ApJ...979..176T,,,-2.39,0.13,0.1,spectroscopic,-2.39,0.13,0.1,0.19,0.11,0.14,,Tan2025ApJ...979..176T,,,,,,,,,,,,,,,,Tan2025ApJ...979..176T
leo_minor_1,Leo Minor I,164.261,28.875,202.2323784,64.7496332,14.8,76.88,-23.21,-0.01,0.4,0.39,-1.29,0.4,0.37,Cerny2023ApJ...953....1C,,,,,,,,,,,81.66,6.84,4.24,19.56,0.19,0.11,85.19,802.23,417.69,85.19,,Cerny2023ApJ...953....1C,-2.4,0.4,0.5,3.19,,,,,,,mw,1,0,17.16,0.4,0.5,Cerny2023ApJ...953....1C,1.09,0.35,0.37,25.53,8.42,8.83,25.53,8.42,8.83,,,,,,,0.4,28.21,,,,,,,,,,,,,,,,,,Cerny2023ApJ...953....1C,,,,,,,,,,,,,,,,,,,,,,,,,,,,,,
lmc,LMC,78.76,-69.19,279.9795464,-33.7343376,-32.77,-24.62,-27.92,1.91,0.02,0.02,0.229,0.047,0.047,Kallivayalil2013ApJ...764..161K,262.2,3.4,3.4,20.2,0.5,0.5,,58.58,14.23,vanderMarel2002AJ....124.2639V,49.59,0.55,0.55,18.477,0.024,0.024,49.08,803.0,415.9,49.08,,Pietrzynski2019Natur.567..200P,-18.08,0.1,0.1,9.46,8.98,0.02,0.02,,8.64,,mw,1,1,0.4,0.1,0.1,deVaucouleurs1991rc3..book.....D,192.9,0.2,0.2,2782.6,30.67,30.71,2544.26,28.45,28.85,227.24,0.178,0.188,0.164,0.001,0.001,,22.52,,,,,,,,,,,,,750658.0,6527.0,6527.0,,Bruns2005A&A...432...45B,Choi2018ApJ...869..125C,,,,,,,,,,,,,,,,,,,,,,,,,,,,,,
pegasus_3,Pegasus III,336.1074167,5.4150472,69.8598973,-41.8262343,61.22,-158.64,131.21,-0.03,0.21,0.21,-0.58,0.208,0.213,Pace2022ApJ...940..136P,-260.0,1.1,1.1,2.76,0.91,1.24,,-90.06,-29.3,Geha2026ApJ...999..140G,214.78,11.55,12.2,21.66,0.12,0.12,212.84,649.99,289.24,212.84,,Kim2016ApJ...833...16K,-4.17,0.22,0.19,3.9,5.75,0.43,0.3,,,3.53,mw,1,1,17.49,0.22,0.19,Richstein2022ApJ...933..217R,1.67,0.21,0.26,103.57,15.25,16.05,82.12,13.39,13.64,83.0,7.0,8.0,0.37,0.09,0.08,,28.97,,,,,,,,,,,,,,,,0.31,Putman2021ApJ...913...53P,Richstein2022ApJ...933..217R,,,-2.63,0.1,0.1,spectroscopic,-2.63,0.1,0.1,0.28,0.08,0.11,,Geha2026arXiv260210202G,,,,,,,,,,,,,,,,
pegasus_4,Pegasus IV,328.539,26.62,80.7971567,-21.4031056,46.13,-40.32,65.86,0.33,0.07,0.07,-0.21,0.08,0.08,Cerny2023ApJ...942..111C,-271.4,1.1,1.1,3.33,0.86,1.19,,-46.6,23.5,Geha2026ApJ...999..140G,89.95,1.23,1.25,19.77,0.03,0.03,89.1,706.97,321.39,89.1,,Cerny2023ApJ...942..111C,-4.25,0.2,0.2,3.93,5.63,0.33,0.25,,,,mw,1,1,15.52,0.2,0.2,Cerny2023ApJ...942..111C,1.6,0.25,0.29,41.63,6.95,7.1,41.63,6.95,7.1,115.0,41.0,27.0,,,,0.41,27.42,,,,,,,,,,,,,,,,,,Cerny2023ApJ...942..111C,,,-2.52,0.13,0.13,spectroscopic,-2.52,0.13,0.13,0.41,0.09,0.12,,Geha2026arXiv260210202G,,,,,,,,,,,,,,,,
phoenix_2,Phoenix II,354.9919,-54.4019,323.6963296,-59.7506456,-41.65,-71.92,-3.32,0.507,0.048,0.047,-1.199,0.057,0.058,Pace2022ApJ...940..136P,32.4,3.75,3.75,,,,21.2,-42.34,-49.15,Fritz2019A&A...623A.129F,83.18,7.32,8.02,19.6,0.2,0.2,80.22,790.15,406.16,54.06,,MutluPakdil2018ApJ...863...25M,-2.6,0.09,0.13,3.27,,,,7.06,,2.92,lmc,1,1,17.0,0.09,0.13,Richstein2024ApJ...967...72R,1.5,0.17,0.2,35.94,5.33,5.86,26.87,4.25,4.62,-33.0,5.0,5.0,0.44,0.06,0.06,,28.12,,,,,,,1.61,0.27,0.27,1.14,0.27,0.27,,,,0.51,Putman2021ApJ...913...53P,Richstein2024ApJ...967...72R,,Munoz2018ApJ...860...66M,-2.51,0.17,0.19,spectroscopic,-2.51,0.17,0.19,0.33,0.16,0.29,,Fritz2019A&A...623A.129F,,,,,-2.36,0.16,0.18,0.41,0.17,0.22,,Fu2023ApJ...958..167F,,,,
pictor_1,Pictor I,70.9475,-50.28305556,257.298982,-40.6450082,-43.47,-66.02,-83.27,0.153,0.088,0.086,0.096,0.114,0.118,Pace2022ApJ...940..136P,,,,,,,,,,,114.82,5.17,5.41,20.3,0.1,0.1,116.45,814.68,433.34,116.45,,Koposov2015ApJ...805..130K,-3.1,0.3,0.3,3.47,,,,,,3.28,mw,1,0,17.2,0.3,0.3,Koposov2015ApJ...805..130K,1.29,0.15,0.15,42.84,5.23,5.47,32.0,4.59,4.61,55.0,6.0,6.0,0.44,0.09,0.07,,28.0,,,,,,,0.66,0.32,0.32,1.51,0.31,0.31,,,,0.61,Putman2021ApJ...913...53P,Moskowitz2020ApJ...892...27M,,Munoz2018ApJ...860...66M,,,,,,,,,,,,,,,,,,,,,,,,,,,,
pictor_2,Pictor II,101.175,-59.901,269.6366114,-24.0553493,-27.56,-14.84,-32.15,1.16,0.05,0.05,1.18,0.05,0.05,Pace2025OJAp....8E.112P,326.9,1.1,1.1,3.5,0.9,1.1,,99.39,48.53,Pace2025OJAp....8E.112P,44.87,2.02,2.11,18.26,0.1,0.1,45.65,802.84,415.48,11.85,cmd,Pace2025OJAp....8E.112P,-2.65,0.48,0.69,3.29,5.55,0.3,0.23,,,2.44,lmc,1,1,15.61,0.48,0.69,Pace2025OJAp....8E.112P,2.8,0.3,0.4,36.33,4.72,4.96,31.86,4.85,4.83,55.0,18.0,20.0,0.22,0.13,0.11,,28.44,,,,,,,,,,,,,,,,0.58,Putman2021ApJ...913...53P,Pace2025OJAp....8E.112P,,,-2.99,0.06,0.06,spectroscopic,-2.99,0.06,0.06,,,,0.18,Pace2025OJAp....8E.112P,-1.8,0.3,0.3,DrlicaWagner2016ApJ...833L...5D,-2.98,0.1,0.1,,,,0.35,Pace2025OJAp....8E.112P,,,,
pisces_2,Pisces II,344.6364583,5.9555444,79.2174811,-47.1078917,65.65,-144.75,90.31,0.681,0.307,0.309,-0.645,0.209,0.215,Pace2022ApJ...940..136P,-227.7,1.7,1.7,3.72,1.33,1.98,,-67.55,-3.18,Geha2026ApJ...999..140G,182.81,13.77,14.89,21.31,0.17,0.17,181.95,652.63,281.11,181.95,,Sand2012ApJ...756...79S,-4.28,0.16,0.19,3.95,5.86,0.52,0.32,,,3.2,mw,1,1,17.03,0.16,0.19,Richstein2022ApJ...933..217R,1.34,0.07,0.08,70.97,6.63,7.05,56.31,5.48,5.8,98.0,3.0,3.0,0.37,0.03,0.04,,28.04,0.72,0.58,0.58,7.65,2.69,2.69,1.22,0.2,0.2,1.12,0.34,0.34,,,,0.2,Putman2021ApJ...913...53P,Richstein2022ApJ...933..217R,Munoz2018ApJ...860...66M,Munoz2018ApJ...860...66M,-2.45,0.07,0.07,spectroscopic,-2.45,0.07,0.07,0.48,0.29,0.7,,Kirby2015ApJ...810...56K,,,,,,,,,,,,,,,,
reticulum_2,Reticulum II,53.9203,-54.0513,266.3006676,-49.7376135,-12.84,-22.23,-18.46,2.377,0.024,0.023,-1.379,0.025,0.026,Pace2022ApJ...940..136P,64.3,1.2,1.2,3.6,0.7,1.0,,-100.57,-121.22,Walker2015ApJ...808..108W,31.62,1.42,1.49,17.5,0.1,0.1,32.98,783.58,396.03,22.19,,MutluPakdil2018ApJ...863...25M,-3.1,0.1,0.1,3.47,5.63,0.25,0.2,,,2.15,lmc,1,1,14.4,0.1,0.1,MutluPakdil2018ApJ...863...25M,6.3,0.4,0.4,57.73,4.38,4.69,36.46,5.62,5.26,68.0,2.0,2.0,0.6,0.1,0.1,,28.28,,,,,,,5.59,0.21,0.21,0.6,0.05,0.05,,,,0.6,Putman2021ApJ...913...53P,MutluPakdil2018ApJ...863...25M,,Munoz2018ApJ...860...66M,-2.65,0.07,0.07,spectroscopic,-2.65,0.07,0.07,0.28,0.09,0.09,,Simon2015ApJ...808...95S,,,,,-2.64,0.11,0.1,0.72,0.08,0.09,,Fu2023ApJ...958..167F,,,,
reticulum_3,Reticulum III,56.36,-60.45,273.8781907,-45.6477545,-46.47,-60.26,-51.03,0.26,0.144,0.14,-0.502,0.226,0.222,Pace2022ApJ...940..136P,274.2,7.45,7.45,,,,8.3,97.95,69.62,Fritz2019A&A...623A.129F,91.62,12.19,14.06,19.81,0.31,0.31,91.6,809.77,425.91,91.6,,DrlicaWagner2015ApJ...813..109D,-3.3,0.29,0.29,3.55,,,,6.61,,3.0,mw,1,1,16.51,0.29,0.29,DrlicaWagner2015ApJ...813..109D,2.4,0.8,0.9,62.18,22.7,25.43,62.18,22.7,25.43,,,,,,,0.4,29.24,,,,,,,,,,,,,,,,0.5,Putman2021ApJ...913...53P,DrlicaWagner2015ApJ...813..109D,,,-2.81,0.29,0.29,spectroscopic,-2.81,0.29,0.29,0.35,0.09,0.21,,Fritz2019A&A...623A.129F,,,,,-2.46,0.15,0.12,0.31,0.18,0.2,,Fu2023ApJ...958..167F,,,,
sagittarius_1,Sagittarius,284.0951655,-30.5498868,5.6574754,-14.3769257,-16.95,-8.58,18.19,-2.679,0.001,0.001,-1.394,0.001,0.001,An2024MNRAS.532.3713A,140.0,2.0,2.0,11.4,0.7,0.7,,173.96,159.63,McConnachie2012AJ....144....4M,26.3,1.76,1.88,17.1,0.15,0.15,18.6,784.45,396.7,18.6,,McConnachie2012AJ....144....4M,-13.5,0.3,0.3,7.63,8.28,0.07,0.07,,,2.08,mw,1,1,3.6,0.3,0.3,McConnachie2012AJ....144....4M,342.0,12.0,12.0,2608.44,194.86,206.81,1565.8,126.17,133.1,102.0,2.0,2.0,0.64,0.02,0.02,,26.04,,,,,,,,,,,,,,,,0.73,Putman2021ApJ...913...53P,McConnachie2012AJ....144....4M,,,-0.53,0.02,0.03,spectroscopic,-0.53,0.02,0.03,0.17,0.02,0.02,,Simon2019ARA&A..57..375S,,,,,,,,,,,,,,,,
sculptor_1,Sculptor,15.0183,-33.7186,287.696114,-83.152356,-8.7,-82.3,-14.1,0.1,0.002,0.002,-0.158,0.002,0.002,Pace2022ApJ...940..136P,111.4,0.1,0.1,9.2,1.1,1.1,,76.25,96.93,Walker2009AJ....137.3100W,83.95,1.53,1.56,19.62,0.04,0.04,84.04,759.0,375.37,84.04,,MartinezVazquez2015MNRAS.454.1509M,-10.77,0.14,0.14,6.54,7.24,0.11,0.1,,,3.48,mw,1,1,8.85,0.14,0.14,Munoz2018ApJ...860...66M,11.17,0.05,0.05,272.68,5.07,5.19,223.23,4.55,4.65,92.0,1.0,1.0,0.33,0.01,0.01,,24.54,7.03,0.05,0.05,74.1,0.4,0.4,12.33,0.05,0.05,1.16,0.01,0.01,,,,1.84,Putman2021ApJ...913...53P,Munoz2018ApJ...860...66M,Munoz2018ApJ...860...66M,Munoz2018ApJ...860...66M,-1.73,0.02,0.03,spectroscopic,-1.73,0.02,0.03,0.44,0.02,0.02,,Simon2019ARA&A..57..375S,,,,,,,,,,,,,,,,
segue_1,Segue 1,151.7504,16.0756,220.4775831,50.4089639,1.75,19.14,-12.46,-2.102,0.051,0.051,-3.375,0.046,0.044,Pace2022ApJ...940..136P,203.1,0.9,0.9,3.97,0.86,0.97,,101.24,63.88,Geha2026ApJ...999..140G,22.91,2.02,2.21,16.8,0.2,0.2,27.77,785.22,397.35,27.77,,Belokurov2007ApJ...654..897B,-1.3,0.73,0.73,2.75,5.45,0.23,0.2,,,1.04,mw,1,1,15.5,0.73,0.73,Munoz2018ApJ...860...66M,3.62,0.42,0.42,23.9,3.4,3.74,19.52,3.13,3.39,77.0,15.0,15.0,0.33,0.1,0.1,,28.72,3.24,1.56,1.56,16.4,2.6,2.6,3.95,0.48,0.48,0.85,0.28,0.28,,,,0.089,Spekkens2014ApJ...795L...5S,Munoz2018ApJ...860...66M,Munoz2018ApJ...860...66M,Munoz2018ApJ...860...66M,-2.5,,,spectroscopic,-2.5,,,,,,,Simon2011ApJ...733...46S,,,,,-2.36,0.23,0.25,0.65,0.21,0.26,,Fu2023ApJ...958..167F,,,,
segue_2,Segue 2,34.8226,20.1624,149.4462034,-38.1444836,28.05,-21.73,-8.45,1.446,0.059,0.059,-0.322,0.05,0.049,Pace2022ApJ...940..136P,-41.2,0.4,0.4,,,,2.06,43.45,109.44,Geha2026ApJ...999..140G,36.48,2.43,2.43,17.81,0.15,0.14,42.4,744.68,356.77,42.4,,Boettcher2013AJ....146...94B,-1.95,0.88,0.88,3.01,,,,5.14,,2.47,mw,1,1,15.86,0.88,0.88,Munoz2018ApJ...860...66M,3.76,0.28,0.28,39.71,3.85,4.08,35.02,3.74,3.98,164.0,14.0,14.0,0.22,0.07,0.07,,29.34,0.2,0.03,0.03,8.41,1.69,1.69,3.64,0.29,0.29,0.82,0.16,0.16,,,,0.95,Putman2021ApJ...913...53P,Munoz2018ApJ...860...66M,Munoz2018ApJ...860...66M,Munoz2018ApJ...860...66M,-2.27,0.14,0.14,spectroscopic,-2.27,0.14,0.14,0.47,0.09,0.14,,Geha2026arXiv260210202G,,,,,,,,,,,,,,,,
sextans_1,Sextans,153.268,-1.62,243.5087144,42.2732343,-17.67,64.15,-54.33,-0.409,0.008,0.009,0.037,0.009,0.009,Pace2022ApJ...940..136P,224.3,0.1,0.1,7.9,1.3,1.3,,62.63,6.44,Walker2009AJ....137.3100W,85.9,3.87,4.05,19.67,0.1,0.1,88.91,831.87,446.13,88.91,,Lee2009ApJ...703..692L,-8.72,0.06,0.06,5.72,7.45,0.16,0.14,,,2.6,mw,1,1,10.95,0.06,0.06,Munoz2018ApJ...860...66M,22.8,0.7,0.7,568.65,30.57,32.17,485.89,28.18,29.35,52.0,3.0,3.0,0.27,0.03,0.03,,28.28,20.1,0.5,0.5,60.5,0.6,0.6,17.67,0.17,0.17,0.6,0.01,0.01,,,,0.23,Putman2021ApJ...913...53P,Cicuendez2018A&A...609A..53C,Munoz2018ApJ...860...66M,Munoz2018ApJ...860...66M,-1.97,0.04,0.04,spectroscopic,-1.97,0.04,0.04,0.38,0.03,0.03,,Simon2019ARA&A..57..375S,,,,,,,,,,,,,,,,
smc,SMC,16.25,-72.42,301.492631,-44.6703322,-42.96,-42.54,-17.01,0.83,0.02,0.02,-1.21,0.01,0.01,Zivick2018ApJ...864...55Z,145.6,0.6,0.6,27.6,0.5,0.5,,-4.01,-35.93,Harris2006AJ....131.2514H,62.81,2.83,2.96,18.99,0.1,0.1,60.26,803.6,417.38,23.33,,Cioni2000A&A...359..601C,-16.79,0.2,0.2,8.95,8.88,0.04,0.04,,8.65,,lmc,1,1,2.2,0.2,0.2,deVaucouleurs1991rc3..book.....D,59.4,4.1,4.1,1080.85,87.21,92.78,1080.85,87.21,92.78,,,,,,,,21.95,,,,,,,,,,,,,476675.0,4145.0,4145.0,,Bruns2005A&A...432...45B,Munoz2018ApJ...860...66M,,,,,,,,,,,,,,,,,,,,,,,,,,,,,,
triangulum_2,Triangulum II,33.3155,36.1691,140.896747,-23.8318706,25.97,-11.25,-2.86,0.575,0.06,0.06,0.112,0.067,0.069,Pace2022ApJ...940..136P,-382.3,0.7,0.7,,,,3.5,-252.9,-180.06,Buttry2022MNRAS.514.1706B,28.44,1.41,1.48,17.27,0.11,0.11,34.68,749.3,361.21,34.68,,Carlin2017AJ....154..267C,-1.3,0.25,0.23,2.75,,,,5.29,,2.04,mw,1,1,15.97,0.25,0.23,Richstein2024ApJ...967...72R,2.5,0.3,0.3,20.56,2.61,2.74,17.17,2.53,2.56,73.0,17.0,17.0,0.3,0.1,0.1,,28.44,2.1,0.6,0.6,11.8,2.7,2.7,2.0,0.4,0.4,1.45,0.45,0.45,,,,0.58,Putman2021ApJ...913...53P,Carlin2017AJ....154..267C,Carlin2017AJ....154..267C,Munoz2018ApJ...860...66M,-2.24,0.05,0.05,spectroscopic,-2.24,0.05,0.05,0.53,0.12,0.38,,Kirby2017ApJ...838...83K,,,,,,,,,,,,,,,,
tucana_2,Tucana II,342.9796,-58.5689,328.0862902,-52.3248185,-33.77,-44.94,1.45,0.911,0.026,0.024,-1.28,0.029,0.029,Pace2022ApJ...940..136P,-124.7,1.0,1.0,3.8,0.7,1.1,,-203.52,-217.52,Chiti2023AJ....165...55C,56.23,4.95,5.43,18.75,0.2,0.2,52.48,790.29,403.98,52.48,,Vivas2020ApJS..247...35V,-3.75,0.1,0.1,3.73,6.32,0.25,0.21,,,2.3,mw,1,1,15.0,0.1,0.1,Koposov2015ApJ...805..130K,12.89,1.98,1.71,208.67,34.5,37.27,161.67,33.86,35.43,107.0,18.0,18.0,0.39,0.2,0.1,,30.86,,,,,,,,,,,,,,,,0.27,Putman2021ApJ...913...53P,Koposov2015ApJ...805..130K,,,-2.77,,,spectroscopic,-2.77,,,,,,,Chiti2021NatAs...5..392C,,,,,,,,,,,,,,,,
tucana_3,Tucana III,359.1075,-59.58332,315.4235632,-56.1908835,-12.74,-18.87,-2.53,-0.048,0.036,0.035,-1.638,0.039,0.039,Pace2022ApJ...940..136P,-102.3,0.4,0.4,,,,1.5,-199.57,-213.46,Simon2017ApJ...838...11S,22.91,1.03,1.08,16.8,0.1,0.1,21.05,781.06,393.23,21.05,,MutluPakdil2018ApJ...863...25M,-1.3,0.2,0.2,2.75,,,,4.8,,1.88,mw,1,0,15.5,0.2,0.2,MutluPakdil2018ApJ...863...25M,5.1,1.2,1.2,33.67,7.96,8.2,30.0,7.28,7.42,25.0,38.0,38.0,0.2,0.1,0.1,,29.66,,,,,,,,,,,,,,,,0.61,Putman2021ApJ...913...53P,MutluPakdil2018ApJ...863...25M,,,-2.42,0.08,0.07,spectroscopic,-2.42,0.08,0.07,,,,0.19,Simon2017ApJ...838...11S,,,,,,,,,,,,,,,,
tucana_4,Tucana IV,0.717,-60.83,313.3093175,-55.3088967,-26.68,-38.19,-6.14,0.534,0.053,0.05,-1.707,0.055,0.054,Pace2022ApJ...940..136P,15.9,1.7,1.8,4.3,1.0,1.7,,-87.18,-102.79,Simon2020ApJ...892..137S,46.99,3.74,4.06,18.36,0.18,0.18,44.45,787.69,400.84,44.45,,Simon2020ApJ...892..137S,-3.0,0.4,0.3,3.43,6.22,0.33,0.25,,,2.36,mw,1,1,15.36,0.4,0.3,Simon2020ApJ...892..137S,9.3,0.9,1.4,125.94,18.13,19.75,98.11,15.58,16.79,27.0,8.0,9.0,0.39,0.1,0.07,,30.53,,,,,,,,,,,,,,,,0.44,Putman2021ApJ...913...53P,Simon2020ApJ...892..137S,,,-2.49,0.16,0.15,spectroscopic,-2.49,0.16,0.15,,,,0.64,Simon2020ApJ...892..137S,,,,,,,,,,,,,,,,
tucana_5,Tucana V,354.347,-63.266,316.3147897,-51.8953278,-33.91,-42.91,-5.38,-0.14,0.05,0.04,-1.18,0.06,0.05,Battaglia2022A&A...657A..54B,-34.7,0.8,0.9,1.2,0.6,0.9,,-139.75,-158.89,Hansen2024ApJ...968...21H,54.95,5.07,5.58,18.7,0.21,0.21,51.84,792.56,406.11,51.84,,Simon2020ApJ...892..137S,-1.1,0.6,0.5,2.67,4.46,0.79,0.45,,,2.56,mw,1,1,17.6,0.6,0.5,Simon2020ApJ...892..137S,2.1,0.4,0.6,33.03,8.2,8.92,22.8,6.53,7.06,29.0,11.0,11.0,0.51,0.18,0.09,,29.26,,,,,,,,,,,,,,,,0.51,Putman2021ApJ...913...53P,Simon2020ApJ...892..137S,,,-2.84,0.3,0.32,spectroscopic,-2.84,0.3,0.32,0.43,0.15,0.32,,Hansen2024ApJ...968...21H,,,,,-2.51,0.34,0.26,0.61,0.28,0.44,,Fu2023ApJ...958..167F,,,,
ursa_major_1,Ursa Major I,158.7706,51.9479,159.3623929,54.4267581,52.47,80.97,-12.35,-0.401,0.036,0.036,-0.613,0.042,0.04,Pace2022ApJ...940..136P,-58.5,1.4,1.4,7.16,1.04,1.21,,-8.84,-2.9,Geha2026ApJ...999..140G,97.27,5.65,6.0,19.94,0.13,0.13,101.92,770.05,388.03,101.92,,Garofalo2013ApJ...767...62G,-5.14,0.38,0.38,4.29,6.85,0.15,0.13,,,3.84,mw,1,1,14.8,0.38,0.38,Munoz2018ApJ...860...66M,8.31,0.35,0.35,234.5,16.68,17.59,150.14,12.11,12.62,67.0,2.0,2.0,0.59,0.03,0.03,,29.31,13.3,2.9,2.9,24.0,1.9,1.9,8.34,0.34,0.34,0.47,0.08,0.08,,,,3.11,Putman2021ApJ...913...53P,Munoz2018ApJ...860...66M,Munoz2018ApJ...860...66M,Munoz2018ApJ...860...66M,-2.56,0.07,0.07,spectroscopic,-2.56,0.07,0.07,0.24,0.05,0.07,,Geha2026arXiv260210202G,,,,,,,,,,,,,,,,
ursa_major_2,Ursa Major II,132.8726,63.1335,152.460305,37.4410062,26.58,21.74,-4.8,1.731,0.021,0.021,-1.906,0.025,0.024,Pace2022ApJ...940..136P,-118.0,1.1,1.1,6.3,0.95,1.06,,-32.19,-4.22,Geha2026ApJ...999..140G,34.67,2.01,2.14,17.7,0.13,0.13,40.8,762.78,375.31,40.8,,DallOra2012ApJ...752...42D,-4.42,0.26,0.26,4.0,6.53,0.15,0.13,,,1.94,mw,1,1,13.28,0.26,0.26,Munoz2018ApJ...860...66M,13.8,0.5,0.5,138.83,9.38,9.99,92.06,7.04,7.41,-76.0,2.0,2.0,0.56,0.03,0.03,,28.97,11.7,1.2,1.2,59.8,3.1,3.1,13.95,0.46,0.46,0.89,0.1,0.1,,,,0.31,Spekkens2014ApJ...795L...5S,Munoz2018ApJ...860...66M,Munoz2018ApJ...860...66M,Munoz2018ApJ...860...66M,-2.54,0.07,0.07,spectroscopic,-2.54,0.07,0.07,0.22,0.07,0.09,,Geha2026arXiv260210202G,,,,,,,,,,,,,,,,
ursa_minor_1,Ursa Minor,227.242,67.2221,104.9817279,44.8125553,42.02,46.2,31.94,-0.12,0.005,0.005,0.071,0.005,0.005,Pace2022ApJ...940..136P,-246.1,0.3,0.3,8.86,0.24,0.27,,-74.67,-42.88,Geha2026ApJ...999..140G,70.15,3.46,3.64,19.23,0.11,0.11,72.08,752.8,367.64,72.08,,Garofalo2025A&A...695A..88G,-8.86,0.05,0.05,5.78,7.26,0.03,0.03,,,1.73,mw,1,1,10.37,0.05,0.05,Munoz2018ApJ...860...66M,18.3,0.11,0.11,373.33,18.88,18.95,250.41,13.14,13.43,50.0,1.0,1.0,0.55,0.01,0.01,,26.7,13.53,0.3,0.3,77.3,0.7,0.7,17.32,0.11,0.11,0.82,0.01,0.01,,,,0.046,Spekkens2014ApJ...795L...5S,Munoz2018ApJ...860...66M,Munoz2018ApJ...860...66M,Munoz2018ApJ...860...66M,-2.23,0.01,0.01,spectroscopic,-2.23,0.01,0.01,0.25,0.01,0.01,,Geha2026arXiv260210202G,,,,,,,,,,,,,,,,
willman_1,Willman 1,162.3436,51.0501,158.5728619,56.7832928,19.42,32.44,-3.99,0.299,0.052,0.052,-1.097,0.075,0.075,Chiu2026arXiv260220272C,-13.0,1.1,1.1,4.7,1.3,1.5,,36.08,39.97,Chiu2026arXiv260220272C,38.02,6.4,7.69,17.9,0.4,0.4,42.74,773.48,386.27,42.74,,Willman2006astro.ph..3486W,-2.53,0.74,0.74,3.25,5.6,0.32,0.25,,,3.57,mw,1,1,15.37,0.74,0.74,Munoz2018ApJ...860...66M,2.51,0.22,0.22,27.43,5.35,5.89,19.98,4.12,4.51,73.0,4.0,4.0,0.47,0.06,0.06,,27.54,,,,,,,2.53,0.22,0.22,1.34,0.2,0.2,,,,10.9,Putman2021ApJ...913...53P,Munoz2018ApJ...860...66M,,Munoz2018ApJ...860...66M,-2.45,0.13,0.12,spectroscopic,-2.45,0.13,0.12,0.3,0.11,0.15,,Chiu2026arXiv260220272C,,,,,-2.53,0.11,0.11,0.65,0.09,0.1,,Fu2023ApJ...958..167F,,,,
andromeda_03,Andromeda III,8.87875,36.49889,119.3641729,-26.2625286,615.0,-339.14,163.56,-0.0105,0.0125,0.0125,0.0475,0.0125,0.0125,CasettiDinescu2024ApJ...975..138C,-344.3,1.7,1.7,9.3,1.4,1.4,,-161.46,-81.26,Tollerud2012ApJ...752...45T,721.11,16.41,16.8,24.29,0.05,0.05,724.72,85.14,336.15,85.14,,Savino2022ApJ...938..101S,-9.49,0.2,0.3,6.03,7.33,0.15,0.14,,,4.76,m_031,1,1,14.8,0.2,0.3,Martin2016ApJ...833..167M,2.0,0.2,0.2,418.0,42.3,43.23,267.68,30.3,29.99,140.0,3.0,3.0,0.59,0.04,0.04,,26.22,1.3,0.2,0.2,7.2,1.2,1.2,,,,,,,,,,0.47,Putman2021ApJ...913...53P,Martin2016ApJ...833..167M,McConnachie2006MNRAS.365.1263M,,-1.75,0.03,0.03,spectroscopic,-1.75,0.03,0.03,0.43,,,,Kirby2020AJ....159...46K,,,,,,,,,,,,,,,,
andromeda_05,Andromeda V,17.57292,47.62833,126.2205416,-15.1229936,718.49,-212.29,118.96,0.0261,0.0215,0.0215,-0.0742,0.0191,0.0191,CasettiDinescu2025ApJ...992...54C,-397.3,1.5,1.5,10.5,1.1,1.1,,-215.41,-136.97,Tollerud2012ApJ...752...45T,758.58,20.67,21.25,24.4,0.06,0.06,763.24,108.97,378.2,108.97,,Savino2022ApJ...938..101S,-9.3,0.2,0.2,5.95,7.49,0.11,0.1,,,4.89,m_031,1,1,15.1,0.2,0.2,Martin2016ApJ...833..167M,1.6,0.1,0.2,351.75,33.75,34.82,302.5,33.69,33.4,54.0,10.0,10.0,0.26,0.07,0.09,,26.67,1.2,0.2,0.2,5.3,1.0,1.0,,,,,,,,,,0.57,Putman2021ApJ...913...53P,Martin2016ApJ...833..167M,McConnachie2006MNRAS.365.1263M,,-1.84,0.01,0.01,spectroscopic,-1.84,0.01,0.01,0.41,,,,Kirby2020AJ....159...46K,,,,,,,,,,,,,,,,
andromeda_06,Andromeda VI,357.94542,24.5825,106.0443067,-36.3252343,572.44,-528.07,292.04,-0.0016,0.0123,0.0123,-0.0526,0.0112,0.0112,CasettiDinescu2025ApJ...992...54C,-341.6,1.7,1.7,13.2,1.3,1.4,,-158.92,-81.13,Pickett2025MNRAS.540.1701P,831.76,22.67,23.3,24.6,0.06,0.06,833.61,281.36,484.64,281.36,,Savino2022ApJ...938..101S,-11.3,0.2,0.2,6.75,7.81,0.1,0.09,,,4.44,m_031,1,1,13.3,0.2,0.2,McConnachie2006MNRAS.365.1263M,2.15,0.08,0.08,519.21,23.34,24.77,399.15,21.16,20.89,163.0,3.0,3.0,0.41,0.03,0.03,,25.28,2.1,0.2,0.2,6.2,0.4,0.4,,,,,,,,,,0.17,Putman2021ApJ...913...53P,McConnachie2006MNRAS.365.1263M,McConnachie2006MNRAS.365.1263M,,,,,,,,,,,,,,,,,,,,,,,,,,,,,
andromeda_07,Andromeda VII,351.63958,50.68,109.466542,-9.9592504,717.35,-183.48,361.87,0.0598,0.0368,0.0368,-0.0037,0.0335,0.0335,Warfield2023MNRAS.519.1189W,-307.2,1.3,1.3,13.0,1.0,1.0,,-84.71,-5.64,Tollerud2012ApJ...752...45T,824.14,22.46,23.09,24.58,0.06,0.06,826.84,229.96,464.14,229.96,,Savino2022ApJ...938..101S,-12.78,0.3,0.3,7.35,8.09,0.07,0.07,,,4.89,m_031,1,1,11.8,0.3,0.3,McConnachie2006MNRAS.365.1263M,3.47,0.07,0.07,831.1,28.02,28.88,775.1,31.72,32.5,94.0,8.0,8.0,0.13,0.04,0.04,,25.24,2.0,0.1,0.1,19.3,1.6,1.6,,,,,,,,,,0.48,Putman2021ApJ...913...53P,McConnachie2006MNRAS.365.1263M,McConnachie2006MNRAS.365.1263M,,-1.37,0.01,0.01,spectroscopic,-1.37,0.01,0.01,0.36,,,,Kirby2020AJ....159...46K,,,,,,,,,,,,,,,,
ic_0010,IC 10,5.102083333,59.29166667,118.9726887,-3.3413375,728.58,-71.23,235.92,-0.002,0.008,0.008,0.02,0.008,0.008,Brunthaler2007A&A...462..101B,-348.0,1.0,1.0,,,,,-140.19,-63.8,McConnachie2012AJ....144....4M,769.13,10.55,10.7,24.43,0.03,0.03,773.09,246.64,419.02,246.64,,McQuinn2017ApJ...834...78M,-14.93,0.2,0.2,8.21,,,,,7.67,,m_031,1,1,9.5,0.2,0.2,McConnachie2012AJ....144....4M,2.65,,,592.89,,,533.6,,,,,,0.19,0.02,0.02,,22.28,,,,,,,,,,,,,336.6,40.4,40.4,,Putman2021ApJ...913...53P,McConnachie2012AJ....144....4M,,,,,,,,,,,,,,,,,,,,,,,,,,,,,,
lgs_3,LGS 3,15.97916667,21.885,126.7624627,-40.893917,449.77,-403.16,40.1,0.023,0.01,0.01,0.005,0.0099,0.0099,Bennet2025ApJ...993..228B,-286.5,0.3,0.3,7.9,2.9,5.3,,-148.7,-73.97,McConnachie2012AJ....144....4M,605.34,13.78,14.1,23.91,0.05,0.05,609.06,291.99,274.26,291.99,,Savino2022ApJ...938..101S,-9.61,0.1,0.1,6.08,7.28,0.63,0.37,,5.37,,m_031,1,1,14.3,0.1,0.1,McConnachie2012AJ....144....4M,2.1,0.2,0.2,368.45,35.58,36.5,329.55,31.82,32.65,0.0,,,0.2,,,,26.55,,,,,,,,,,,,,2.73,0.14,0.14,,Putman2021ApJ...913...53P,McConnachie2012AJ....144....4M,,,,,,,,,,,,,,,,,,,,,,,,,,,,,,
ngc_0147,NGC 147,8.298333333,48.50777778,119.8158592,-14.2535533,678.75,-203.38,193.5,0.0232,0.0143,0.0143,0.0378,0.0146,0.0146,Sohn2020ApJ...901...43S,-193.1,0.8,0.8,16.0,1.0,1.0,,5.3,85.0,McConnachie2012AJ....144....4M,734.51,20.02,20.58,24.33,0.06,0.06,738.46,106.45,353.27,106.45,,Savino2022ApJ...938..101S,-14.83,0.1,0.1,8.17,8.09,0.06,0.05,,,4.9,m_031,1,1,9.5,0.1,0.1,McConnachie2012AJ....144....4M,3.17,,,677.31,,,520.25,,,25.0,3.0,3.0,0.41,0.02,0.02,,22.32,,,,,,,,,,,,,,,,0.62,Putman2021ApJ...913...53P,McConnachie2012AJ....144....4M,,,,,,,,,,,,,,,,,,,,,,,,,,,,,,
ngc_0185,NGC 185,9.741666667,48.33611111,120.7918562,-14.4838083,601.91,-180.97,160.24,0.0242,0.0141,0.0141,0.0058,0.0147,0.0147,Sohn2020ApJ...901...43S,-203.8,1.1,1.1,24.0,1.0,1.0,,-7.87,71.72,McConnachie2012AJ....144....4M,648.63,17.68,18.17,24.06,0.06,0.06,652.7,154.95,267.84,154.95,,Savino2022ApJ...938..101S,-14.86,0.1,0.1,8.18,8.37,0.05,0.04,,5.09,,m_031,1,1,9.2,0.1,0.1,McConnachie2012AJ....144....4M,2.55,,,481.13,,,443.58,,,35.0,3.0,3.0,0.15,0.1,0.1,,21.95,,,,,,,,,,,,,1.23,0.11,0.11,,Putman2021ApJ...913...53P,McConnachie2012AJ....144....4M,,,,,,,,,,,,,,,,,,,,,,,,,,,,,,
aquarius_1,Aquarius,311.7158333,-12.84805556,34.0490904,-31.343219,-194.08,-600.14,758.23,-0.0179,0.0123,0.0123,-0.0477,0.0123,0.0123,Bennet2025ApJ...993..228B,-141.8,2.0,1.8,7.8,1.1,1.8,,-19.27,8.53,Kirby2017ApJ...834....9K,986.28,0.0,0.0,24.97,0.09,0.09,980.55,1105.17,972.85,,,Higgs2021MNRAS.503..176H,-10.47,0.1,0.1,6.42,7.26,0.18,0.15,,6.54,,,1,1,14.5,0.1,0.1,McConnachie2012AJ....144....4M,1.63,0.08,0.08,467.17,22.61,22.82,319.63,23.01,23.1,96.58,1.44,1.44,0.53,0.05,0.05,,25.62,,,,,,,1.63,0.06,0.06,0.61,0.05,0.05,15.14,1.11,1.11,,Putman2021ApJ...913...53P,Higgs2021MNRAS.503..176H,,Higgs2021MNRAS.503..176H,-1.44,0.08,0.08,spectroscopic,-1.44,0.08,0.08,0.34,0.06,0.07,,Kirby2017ApJ...834....9K,,,,,,,,,,,,,,,,
cetus_1,Cetus,6.5458333,-11.04444444,101.4548414,-72.854557,180.28,-731.52,50.35,0.0618,0.0106,0.0106,-0.073,0.01,0.01,Bennet2025ApJ...993..228B,-83.9,1.2,1.2,8.3,1.0,1.0,,-21.13,29.08,Kirby2014MNRAS.439.1015K,755.09,0.0,0.0,24.39,0.07,0.07,755.61,676.95,602.97,,,McConnachie2012AJ....144....4M,-11.19,0.2,0.2,6.71,7.56,0.11,0.1,,,3.91,,1,1,13.2,0.2,0.2,McConnachie2012AJ....144....4M,3.2,0.1,0.1,702.42,21.64,21.84,574.47,31.71,31.12,63.0,3.0,3.0,0.33,0.06,0.06,,26.18,1.3,0.1,0.1,32.0,6.5,6.5,,,,,,,,,,0.0608,Bennet2025ApJ...993..228B,McConnachie2012AJ....144....4M,McConnachie2006MNRAS.365.1263M,,-1.74,0.06,0.06,spectroscopic,-1.74,0.06,0.06,0.42,0.04,0.04,,Taibi2018A&A...618A.122T,,,,,,,,,,,,,,,,
ic_1613,IC 1613,16.1991667,2.117777778,129.7377976,-60.5773205,355.99,-638.22,-22.69,0.04,0.02,0.02,0.01,0.01,0.01,Battaglia2022A&A...657A..54B,-231.6,1.2,1.2,10.8,0.9,1.0,,-149.65,-88.3,Kirby2014MNRAS.439.1015K,731.14,0.0,0.0,24.32,0.05,0.05,733.73,510.67,497.04,,,Savino2022ApJ...938..101S,-15.12,0.1,0.1,8.28,8.19,0.08,0.08,,7.79,,,1,1,9.2,0.1,0.1,McConnachie2012AJ....144....4M,7.57,0.05,0.05,1609.77,10.48,10.57,1439.78,46.1,45.3,90.49,1.02,1.02,0.2,0.05,0.05,,24.24,,,,,,,7.57,0.05,0.05,0.43,0.02,0.02,484.0,52.1,52.1,,Putman2021ApJ...913...53P,Higgs2021MNRAS.503..176H,,Higgs2021MNRAS.503..176H,-1.19,0.01,0.01,spectroscopic,-1.19,0.01,0.01,0.37,,,,Kirby2013ApJ...779..102K,,,,,,,,,,,,,,,,
leo_a,Leo A,149.8604167,30.74638889,196.9036467,52.4226186,246.74,674.77,-347.28,-0.066,0.073,0.09,-0.044,0.087,0.087,Bennet2024ApJ...971...98B,26.2,0.9,1.0,9.0,0.6,0.8,,-18.71,-37.46,Kirby2017ApJ...834....9K,797.99,0.0,0.0,24.51,0.12,0.12,802.76,1194.67,938.81,,rrl,Dolphin2002AJ....123.3154D,-12.11,0.2,0.2,7.08,7.48,0.07,0.07,,7.04,,,1,1,12.4,0.2,0.2,McConnachie2012AJ....144....4M,2.3,0.09,0.09,533.46,20.58,20.77,405.75,23.5,23.48,116.4,6.11,6.11,0.42,0.05,0.05,,24.5,,,,,,,2.3,0.09,0.09,0.72,0.07,0.07,73.3,6.67,6.67,,Putman2021ApJ...913...53P,Higgs2021MNRAS.503..176H,,Higgs2021MNRAS.503..176H,-1.6,0.03,0.03,spectroscopic,-1.6,0.03,0.03,0.32,0.03,0.03,,Kirby2017ApJ...834....9K,,,,,,,,,,,,,,,,
leo_t,Leo T,143.7225,17.05138889,214.8524119,43.6609407,64.76,315.54,-258.55,-0.0259,0.0148,0.0148,-0.1286,0.0148,0.0148,Bennet2025ApJ...993..228B,37.1,1.1,1.1,6.05,0.86,1.07,,-66.72,-98.47,Geha2026ApJ...999..140G,413.05,0.0,0.0,23.08,0.08,0.08,417.92,981.66,645.34,,,Higgs2021MNRAS.503..176H,-7.98,0.5,0.5,5.43,6.71,0.16,0.15,,5.6,,,1,1,15.1,0.5,0.5,McConnachie2012AJ....144....4M,1.39,0.2,0.2,166.51,23.68,23.89,155.06,23.04,22.81,121.13,34.66,34.66,0.12,0.08,0.08,,26.54,,,,,,,1.39,0.2,0.2,0.86,0.36,0.036,9.9,1.0,1.0,,Adams2018A&A...612A..26A,Higgs2021MNRAS.503..176H,,Higgs2021MNRAS.503..176H,-1.74,0.04,0.04,spectroscopic,-1.74,0.04,0.04,0.54,,,,Kirby2013ApJ...779..102K,,,,,,,,,,,,,,,,
ngc_3109,NGC 3109,150.77875,-26.15972222,262.1018221,23.0701155,-681.51,614.6,-921.0,-0.04,0.03,0.03,-0.01,0.03,0.03,Battaglia2022A&A...657A..54B,403.0,2.0,2.0,,,,,180.6,109.57,McConnachie2012AJ....144....4M,1300.17,0.0,0.0,25.57,0.08,0.08,1301.22,1981.06,1629.97,,,McConnachie2012AJ....144....4M,-14.87,0.1,0.1,8.18,,,,,8.65,,,1,1,10.7,0.1,0.1,McConnachie2012AJ....144....4M,4.3,0.1,0.1,1625.49,37.26,37.61,689.27,24.81,24.78,92.0,1.0,1.0,0.82,0.01,0.01,,22.89,,,,,,,,,,,,,1130.2,73.3,73.3,,Putman2021ApJ...913...53P,McConnachie2012AJ....144....4M,,,-1.84,0.2,0.2,isochrone,,,,,,,,,-1.84,0.2,0.2,McConnachie2006MNRAS.365.1263M,,,,,,,,,,,,
ngc_6822,NGC 6822,296.2358333,-14.78916667,25.3512537,-18.3892119,-202.84,-233.99,478.74,-0.06,0.01,0.01,-0.07,0.01,0.01,Battaglia2022A&A...657A..54B,-54.5,1.7,1.7,23.2,1.2,1.2,,53.9,66.21,Kirby2014MNRAS.439.1015K,570.16,0.0,0.0,23.78,0.05,0.05,563.21,950.89,681.16,,,Higgs2021MNRAS.503..176H,-15.68,0.2,0.2,8.51,8.92,0.06,0.06,,8.3,,,1,1,8.1,0.2,0.2,McConnachie2012AJ....144....4M,11.95,0.07,0.07,1981.72,11.44,11.54,1673.36,180.37,156.97,66.88,14.93,14.93,0.28,0.15,0.15,,24.01,,,,,,,11.95,0.07,0.07,0.73,0.02,0.02,2619.0,201.5,201.5,,Putman2021ApJ...913...53P,Higgs2021MNRAS.503..176H,,Higgs2021MNRAS.503..176H,-1.05,0.01,0.01,spectroscopic,-1.05,0.01,0.01,0.49,,,,Kirby2013ApJ...779..102K,,,,,,,,,,,,,,,,
pegasus_dirr,Pegasus dIrr,352.15125,14.74305556,94.7769,-43.554142,473.32,-655.47,365.2,0.0268,0.0098,0.0098,0.0085,0.0098,0.0098,Bennet2025ApJ...993..228B,-179.5,1.5,1.5,12.3,1.1,1.2,,-8.27,64.03,Kirby2014MNRAS.439.1015K,887.16,0.0,0.0,24.74,0.05,0.05,887.68,457.35,589.48,,,Savino2022ApJ...938..101S,-12.14,0.2,0.2,7.09,7.96,0.09,0.08,,6.74,,,1,1,12.6,0.2,0.2,McConnachie2012AJ....144....4M,3.81,0.05,0.05,982.95,12.71,12.83,651.91,38.46,37.14,126.3,0.34,0.34,0.56,0.05,0.05,,25.5,,,,,,,3.81,0.05,0.05,0.77,0.03,0.03,29.59,2.01,2.01,,Putman2021ApJ...913...53P,Higgs2021MNRAS.503..176H,,Higgs2021MNRAS.503..176H,-1.39,0.01,0.01,spectroscopic,-1.39,0.01,0.01,0.56,,,,Kirby2013ApJ...779..102K,,,,,,,,,,,,,,,,
phoenix_1,Phoenix,27.775,-44.445,272.1615227,-68.9497052,-103.57,-368.14,-145.73,0.142,0.028,0.028,-0.04,0.032,0.032,Bennet2024ApJ...971...98B,-21.2,1.0,1.0,9.3,0.7,0.7,,-116.44,-113.84,Kacharov2017MNRAS.466.2006K,409.26,0.0,0.0,23.06,0.12,0.21,409.23,858.83,549.44,,,Battaglia2012MNRAS.424.1113B,-9.87,0.4,0.4,6.18,7.29,0.07,0.06,,5.07,,,1,1,13.19,0.4,0.4,vandeRydt1991AJ....102..130V,2.43,0.02,0.02,289.24,2.35,2.37,241.99,5.58,5.51,8.0,4.0,4.0,0.3,0.03,0.03,,25.62,1.79,0.04,0.04,10.56,0.15,0.15,1.82,0.06,0.06,0.83,0.03,0.03,2.95,0.1,0.1,,Young2007ApJ...659..331Y,Battaglia2012MNRAS.424.1113B,Battaglia2012MNRAS.424.1113B,Battaglia2012MNRAS.424.1113B,-1.49,0.04,0.04,spectroscopic,-1.49,0.04,0.04,0.51,0.04,0.04,,Kacharov2017MNRAS.466.2006K,,,,,,,,,,,,,,,,
sagittarius_dirr,Sagittarius dIrr,292.4958333,-17.68083333,21.0533675,-16.2859002,-509.26,-446.91,986.46,0.0433,0.0166,0.0166,0.0465,0.0191,0.0191,Bennet2024ApJ...971...98B,-78.4,1.6,1.6,9.4,1.1,1.5,,15.66,21.55,Kirby2017ApJ...834....9K,1196.74,0.0,0.0,25.39,0.08,0.08,1189.47,1461.01,1277.78,,,Higgs2021MNRAS.503..176H,-11.79,0.2,0.2,6.95,7.31,0.17,0.15,,7.04,,,1,1,13.6,0.2,0.2,McConnachie2012AJ....144....4M,1.13,0.1,0.1,392.65,34.3,34.62,258.43,60.75,55.45,86.91,3.44,3.44,0.56,0.18,0.18,,23.84,,,,,,,1.43,0.08,0.08,0.75,0.07,0.07,32.81,5.59,5.59,,Putman2021ApJ...913...53P,Higgs2021MNRAS.503..176H,,Higgs2021MNRAS.503..176H,-1.85,0.07,0.07,spectroscopic,-1.85,0.07,0.07,0.43,0.05,0.06,,Kirby2017ApJ...834....9K,-2.1,0.5,0.5,McConnachie2006MNRAS.365.1263M,,,,,,,,,,,,
sextans_a,Sextans A,152.7533333,-4.692777778,246.1481946,39.8755465,-347.35,1008.43,-916.18,-0.15,0.04,0.05,-0.03,0.05,0.04,Battaglia2022A&A...657A..54B,324.0,2.0,2.0,,,,,152.6,94.03,Koribalski2004AJ....128...16K,1406.05,0.0,0.0,25.74,0.058,0.058,1408.59,1996.79,1682.67,,,Yan2025ApJ...986...54Y,-14.24,0.1,0.1,7.93,,,,,7.87,,,1,1,11.5,0.1,0.1,McConnachie2012AJ....144....4M,2.47,,,1010.24,,,920.37,,,0.0,1.0,1.0,0.17,0.02,0.02,,24.15,,,,,,,,,,,,,159.37,12.42,12.42,,Putman2021ApJ...913...53P,McConnachie2012AJ....144....4M,,,-1.85,,,isochrone,,,,,,,,,-1.85,,,McConnachie2006MNRAS.365.1263M,,,,,,,,,,,,
sextans_b,Sextans B,150.0004167,5.332222222,233.2000758,43.783781,-102.17,1068.27,-888.4,-0.29,0.16,0.16,-0.28,0.17,0.17,Battaglia2022A&A...657A..54B,304.0,1.0,1.0,,,,,161.82,113.9,Hoffman1996ApJS..105..269H,1393.16,0.0,0.0,25.72,0.056,0.056,1396.69,1907.45,1624.48,,,Dalcanton2009ApJS..183...67D,-14.42,0.2,0.2,8.0,,,,,7.69,,,1,1,11.3,0.2,0.2,McConnachie2012AJ....144....4M,1.06,0.1,0.1,428.73,39.93,40.3,355.98,33.93,34.54,110.0,2.0,2.0,0.31,0.03,0.03,,21.91,,,,,,,,,,,,,106.5,2.09,2.09,,Putman2021ApJ...913...53P,McConnachie2012AJ....144....4M,,,,,,,,,,,,,,,,,,,,,,,,,,,,,,
tucana_1,Tucana,340.4566667,-64.41944444,322.9082681,-47.3693638,-598.04,-655.13,-14.22,0.0135,0.0074,0.0074,-0.0224,0.0074,0.0074,Bennet2025ApJ...993..228B,180.0,1.3,1.3,6.2,1.3,1.6,,80.93,58.72,Taibi2020A&A...635A.152T,887.16,0.0,0.0,24.74,0.12,0.12,882.79,1350.09,1074.35,,,McConnachie2012AJ....144....4M,-9.54,0.2,0.2,6.05,6.85,0.24,0.21,,,4.93,,1,1,15.2,0.2,0.2,McConnachie2012AJ....144....4M,1.1,0.2,0.2,282.8,50.85,51.32,203.62,36.9,37.83,97.0,2.0,2.0,0.48,0.03,0.03,,25.57,,,,,,,,,,,,,,,,0.46,Putman2021ApJ...913...53P,McConnachie2012AJ....144....4M,,,-1.58,,,spectroscopic,-1.58,,,0.39,,,,Taibi2020A&A...635A.152T,,,,,-1.55,0.04,0.04,0.54,0.03,0.03,,Fu2024ApJ...965...36F,,,,
ugc_04879,UGC 4879,139.0091667,52.84,164.665239,42.8843178,793.74,869.59,-315.79,0.0,0.11,0.11,-0.04,0.09,0.09,Battaglia2022A&A...657A..54B,-29.2,1.6,1.6,9.6,1.2,1.3,,14.57,28.46,Kirby2014MNRAS.439.1015K,1218.99,0.0,0.0,25.43,0.06,0.06,1224.74,1275.38,1185.59,,,Higgs2021MNRAS.503..176H,-12.23,0.2,0.2,7.13,7.41,0.13,0.12,,5.88,,,1,1,13.2,0.2,0.2,McConnachie2012AJ....144....4M,1.13,0.1,0.1,399.95,34.94,35.26,301.47,30.84,30.86,81.19,6.47,6.47,0.43,0.06,0.06,,23.74,,,,,,,1.13,0.1,0.1,1.28,0.17,0.17,2.18,0.092,0.092,,Putman2021ApJ...913...53P,Higgs2021MNRAS.503..176H,,Higgs2021MNRAS.503..176H,-1.43,0.02,0.02,spectroscopic,-1.43,0.02,0.02,0.52,,,,Kirby2013ApJ...779..102K,,,,,,,,,,,,,,,,
wlm,WLM,0.4925,-15.46083333,75.8636863,-73.6243517,133.08,-970.54,139.18,0.09,0.03,0.03,-0.07,0.02,0.02,Battaglia2022A&A...657A..54B,-130.0,1.0,1.0,17.5,2.0,2.0,,-69.43,-23.92,Leaman2012ApJ...750...33L,989.46,0.0,0.0,24.977,0.059,0.059,988.94,869.7,846.8,,,Yan2025ApJ...986...54Y,-14.38,0.1,0.1,7.98,8.36,0.11,0.1,,7.84,,,1,1,10.6,0.1,0.1,McConnachie2012AJ....144....4M,4.1,0.13,0.13,1179.3,36.87,37.21,799.13,58.9,56.68,177.02,0.5,0.5,0.54,0.06,0.06,,23.71,,,,,,,4.1,0.13,0.13,0.77,0.04,0.04,297.4,24.38,24.38,,Putman2021ApJ...913...53P,Higgs2021MNRAS.503..176H,,Higgs2021MNRAS.503..176H,-1.28,0.02,0.02,spectroscopic,-1.28,0.02,0.02,0.38,0.04,0.04,,Leaman2013ApJ...767..131L,,,,,,,,,,,,,,,,
